url,path,type,note,lastmod,slug
https://comparepropfirms.com/,/,page,homepage,,
https://comparepropfirms.com/cart/,/cart/,page,WooCommerce,,
https://comparepropfirms.com/home-2/,/home-2/,page,STALE duplicate homepage — noindex/remove,,
https://comparepropfirms.com/about-us/,/about-us/,page,About,,
https://comparepropfirms.com/faq/,/faq/,page,FAQ,,
https://comparepropfirms.com/articles/,/articles/,page,Articles hub,,
https://comparepropfirms.com/terms-and-conditions/,/terms-and-conditions/,page,Legal,,
https://comparepropfirms.com/privacy-policy/,/privacy-policy/,page,Legal,,
https://comparepropfirms.com/shop/,/shop/,page,WooCommerce,,
https://comparepropfirms.com/prop-firm/imperial-trader-funding/,/prop-firm/imperial-trader-funding/,firm,needs build,2026-05-19,imperial-trader-funding
https://comparepropfirms.com/prop-firm/warbux/,/prop-firm/warbux/,firm,needs build,2026-05-19,warbux
https://comparepropfirms.com/prop-firm/earn2trade/,/prop-firm/earn2trade/,firm,needs build,2026-05-20,earn2trade
https://comparepropfirms.com/prop-firm/futureselite/,/prop-firm/futureselite/,firm,needs build,2026-05-20,futureselite
https://comparepropfirms.com/prop-firm/top-one-futures/,/prop-firm/top-one-futures/,firm,needs build,2026-05-20,top-one-futures
https://comparepropfirms.com/prop-firm/my-funded-futures/,/prop-firm/my-funded-futures/,firm,needs build,2026-05-20,my-funded-futures
https://comparepropfirms.com/prop-firm/blusky-trading-company/,/prop-firm/blusky-trading-company/,firm,needs build,2026-05-20,blusky-trading-company
https://comparepropfirms.com/prop-firm/nexgen-futures-trader/,/prop-firm/nexgen-futures-trader/,firm,needs build,2026-05-21,nexgen-futures-trader
https://comparepropfirms.com/prop-firm/fundingticks/,/prop-firm/fundingticks/,firm,needs build,2026-05-21,fundingticks
https://comparepropfirms.com/prop-firm/apex-trader-funding/,/prop-firm/apex-trader-funding/,firm,needs build,2026-05-21,apex-trader-funding
https://comparepropfirms.com/prop-firm/tick-tick-trader/,/prop-firm/tick-tick-trader/,firm,needs build,2026-05-21,tick-tick-trader
https://comparepropfirms.com/prop-firm/elite-trader-funding/,/prop-firm/elite-trader-funding/,firm,needs build,2026-05-21,elite-trader-funding
https://comparepropfirms.com/prop-firm/uprofit/,/prop-firm/uprofit/,firm,needs build,2026-05-22,uprofit
https://comparepropfirms.com/prop-firm/traders-launch/,/prop-firm/traders-launch/,firm,needs build,2026-05-22,traders-launch
https://comparepropfirms.com/prop-firm/phidias-prop-firm/,/prop-firm/phidias-prop-firm/,firm,needs build,2026-05-23,phidias-prop-firm
https://comparepropfirms.com/prop-firm/oneup-trader/,/prop-firm/oneup-trader/,firm,needs build,2026-05-23,oneup-trader
https://comparepropfirms.com/prop-firm/legends-trading/,/prop-firm/legends-trading/,firm,needs build,2026-05-23,legends-trading
https://comparepropfirms.com/prop-firm/leeloo/,/prop-firm/leeloo/,firm,needs build,2026-05-23,leeloo
https://comparepropfirms.com/prop-firm/4proptrader/,/prop-firm/4proptrader/,firm,needs build,2026-05-23,4proptrader
https://comparepropfirms.com/prop-firm/phoenix-trader-funding/,/prop-firm/phoenix-trader-funding/,firm,needs build,2026-05-23,phoenix-trader-funding
https://comparepropfirms.com/prop-firm/the-trading-pit/,/prop-firm/the-trading-pit/,firm,needs build,2026-05-23,the-trading-pit
https://comparepropfirms.com/prop-firm/trade-shield/,/prop-firm/trade-shield/,firm,needs build,2026-05-23,trade-shield
https://comparepropfirms.com/prop-firm/tradefundrr/,/prop-firm/tradefundrr/,firm,needs build,2026-05-23,tradefundrr
https://comparepropfirms.com/prop-firm/blueberry-futures/,/prop-firm/blueberry-futures/,firm,needs build,2026-05-23,blueberry-futures
https://comparepropfirms.com/prop-firm/ftuk-futures/,/prop-firm/ftuk-futures/,firm,needs build,2026-05-23,ftuk-futures
https://comparepropfirms.com/prop-firm/funderpro-futures/,/prop-firm/funderpro-futures/,firm,needs build,2026-05-23,funderpro-futures
https://comparepropfirms.com/prop-firm/fundingfutures/,/prop-firm/fundingfutures/,firm,needs build,2026-05-23,fundingfutures
https://comparepropfirms.com/prop-firm/funded-futures-family/,/prop-firm/funded-futures-family/,firm,needs build,2026-05-23,funded-futures-family
https://comparepropfirms.com/prop-firm/tx3-funding-futures/,/prop-firm/tx3-funding-futures/,firm,needs build,2026-05-23,tx3-funding-futures
https://comparepropfirms.com/prop-firm/fxify-futures/,/prop-firm/fxify-futures/,firm,needs build,2026-05-23,fxify-futures
https://comparepropfirms.com/prop-firm/halcyon-trader-funding/,/prop-firm/halcyon-trader-funding/,firm,needs build,2026-05-23,halcyon-trader-funding
https://comparepropfirms.com/prop-firm/yrm-prop/,/prop-firm/yrm-prop/,firm,needs build,2026-05-23,yrm-prop
https://comparepropfirms.com/prop-firm/fundedseat/,/prop-firm/fundedseat/,firm,needs build,2026-05-23,fundedseat
https://comparepropfirms.com/prop-firm/hola-prime/,/prop-firm/hola-prime/,firm,needs build,2026-05-23,hola-prime
https://comparepropfirms.com/prop-firm/goat-funded-futures/,/prop-firm/goat-funded-futures/,firm,needs build,2026-05-23,goat-funded-futures
https://comparepropfirms.com/prop-firm/blue-guardian-futures/,/prop-firm/blue-guardian-futures/,firm,needs build,2026-05-23,blue-guardian-futures
https://comparepropfirms.com/prop-firm/aqua-futures/,/prop-firm/aqua-futures/,firm,needs build,2026-05-23,aqua-futures
https://comparepropfirms.com/prop-firm/leseup/,/prop-firm/leseup/,firm,needs build,2026-05-23,leseup
https://comparepropfirms.com/prop-firm/ofp-funding/,/prop-firm/ofp-funding/,firm,needs build,2026-05-24,ofp-funding
https://comparepropfirms.com/prop-firm/tradersyard/,/prop-firm/tradersyard/,firm,needs build,2026-05-24,tradersyard
https://comparepropfirms.com/prop-firm/tradersyard-futures/,/prop-firm/tradersyard-futures/,firm,needs build,2026-05-24,tradersyard-futures
https://comparepropfirms.com/prop-firm/quantum-x-futures/,/prop-firm/quantum-x-futures/,firm,needs build,2026-05-24,quantum-x-futures
https://comparepropfirms.com/prop-firm/redline-futures-funding/,/prop-firm/redline-futures-funding/,firm,needs build,2026-05-25,redline-futures-funding
https://comparepropfirms.com/prop-firm/onyx-futures/,/prop-firm/onyx-futures/,firm,needs build,2026-05-25,onyx-futures
https://comparepropfirms.com/prop-firm/e8markets-crypto/,/prop-firm/e8markets-crypto/,firm,needs build,2026-05-25,e8markets-crypto
https://comparepropfirms.com/prop-firm/e8markets-futures/,/prop-firm/e8markets-futures/,firm,needs build,2026-05-25,e8markets-futures
https://comparepropfirms.com/prop-firm/e8markets-forex/,/prop-firm/e8markets-forex/,firm,needs build,2026-05-25,e8markets-forex
https://comparepropfirms.com/prop-firm/city-traders-imperium/,/prop-firm/city-traders-imperium/,firm,needs build,2026-05-25,city-traders-imperium
https://comparepropfirms.com/prop-firm/edgeprop-trading/,/prop-firm/edgeprop-trading/,firm,needs build,2026-05-25,edgeprop-trading
https://comparepropfirms.com/prop-firm/humble-funding/,/prop-firm/humble-funding/,firm,needs build,2026-05-26,humble-funding
https://comparepropfirms.com/prop-firm/hyper-ticks/,/prop-firm/hyper-ticks/,firm,needs build,2026-05-26,hyper-ticks
https://comparepropfirms.com/prop-firm/savius/,/prop-firm/savius/,firm,needs build,2026-05-26,savius
https://comparepropfirms.com/prop-firm/vanquish-trader/,/prop-firm/vanquish-trader/,firm,needs build,2026-05-26,vanquish-trader
https://comparepropfirms.com/prop-firm/tradeify-crypto/,/prop-firm/tradeify-crypto/,firm,needs build,2026-05-27,tradeify-crypto
https://comparepropfirms.com/prop-firm/lucid-trading/,/prop-firm/lucid-trading/,firm,NEW BUILD EXISTS,2026-05-28,lucid-trading
https://comparepropfirms.com/prop-firm/purdia-capital/,/prop-firm/purdia-capital/,firm,NEW BUILD EXISTS,2026-05-28,purdia-capital
https://comparepropfirms.com/prop-firm/alpha-futures/,/prop-firm/alpha-futures/,firm,NEW BUILD EXISTS,2026-05-28,alpha-futures
https://comparepropfirms.com/prop-firm/fundednext-futures/,/prop-firm/fundednext-futures/,firm,NEW BUILD EXISTS,2026-05-28,fundednext-futures
https://comparepropfirms.com/prop-firm/take-profit-trader/,/prop-firm/take-profit-trader/,firm,NEW BUILD EXISTS,2026-05-28,take-profit-trader
https://comparepropfirms.com/prop-firm/trade-day/,/prop-firm/trade-day/,firm,NEW BUILD EXISTS,2026-05-28,trade-day
https://comparepropfirms.com/prop-firm/funded-futures-network/,/prop-firm/funded-futures-network/,firm,NEW BUILD EXISTS,2026-05-28,funded-futures-network
https://comparepropfirms.com/prop-firm/bulenox/,/prop-firm/bulenox/,firm,NEW BUILD EXISTS,2026-05-28,bulenox
https://comparepropfirms.com/prop-firm/topstep/,/prop-firm/topstep/,firm,NEW BUILD EXISTS,2026-05-29,topstep
https://comparepropfirms.com/prop-firm/tradeify/,/prop-firm/tradeify/,firm,NEW BUILD EXISTS,2026-06-01,tradeify
https://comparepropfirms.com/prop-firm/daytraders/,/prop-firm/daytraders/,firm,NEW BUILD EXISTS,2026-06-01,daytraders
https://comparepropfirms.com/category/best-prop-firms/,/category/best-prop-firms/,product_cat,,,
https://comparepropfirms.com/category/best-prop-firms/best/,/category/best-prop-firms/best/,product_cat,,,
https://comparepropfirms.com/category/best-prop-firms/instant-funding/,/category/best-prop-firms/instant-funding/,product_cat,,,
https://comparepropfirms.com/category/best-prop-firms/one-step-evaluation/,/category/best-prop-firms/one-step-evaluation/,product_cat,,,
https://comparepropfirms.com/category/best-prop-firms/five-plus-trading-accounts/,/category/best-prop-firms/five-plus-trading-accounts/,product_cat,,,
https://comparepropfirms.com/category/best-prop-firms/profit-split-bonus-offers/,/category/best-prop-firms/profit-split-bonus-offers/,product_cat,,,
https://comparepropfirms.com/category/best-prop-firms/no-evaluation-funding-fee/,/category/best-prop-firms/no-evaluation-funding-fee/,product_cat,,,
https://comparepropfirms.com/category/best-prop-firms/live-trading-path/,/category/best-prop-firms/live-trading-path/,product_cat,,,
https://comparepropfirms.com/category/best-prop-firms/trade-news/,/category/best-prop-firms/trade-news/,product_cat,,,
https://comparepropfirms.com/category/best-prop-firms/tradovate/,/category/best-prop-firms/tradovate/,product_cat,,,
https://comparepropfirms.com/category/mid-tier-prop-firms/,/category/mid-tier-prop-firms/,product_cat,,,
https://comparepropfirms.com/category/do-not-trade/,/category/do-not-trade/,product_cat,,,
https://comparepropfirms.com/category/crypto/,/category/crypto/,product_cat,,,
https://comparepropfirms.com/category/options/,/category/options/,product_cat,,,
https://comparepropfirms.com/category/forex/,/category/forex/,product_cat,,,
https://comparepropfirms.com/blog-category/featured/,/blog-category/featured/,blog_cat,,,
https://comparepropfirms.com/blog-category/popular-articles/,/blog-category/popular-articles/,blog_cat,,,
https://comparepropfirms.com/blog-category/trending-posts/,/blog-category/trending-posts/,blog_cat,,,
https://comparepropfirms.com/inside-the-world-of-proprietary-trading-a-day-in-the-life-of-a-trader,/inside-the-world-of-proprietary-trading-a-day-in-the-life-of-a-trader,post,guide,,
https://comparepropfirms.com/discover-the-best-proprietary-trading-firms-of-2026-your-ultimate-guide-to-success,/discover-the-best-proprietary-trading-firms-of-2026-your-ultimate-guide-to-success,post,guide,,
https://comparepropfirms.com/how-these-firms-are-changing-the-game-in-the-financial-industry,/how-these-firms-are-changing-the-game-in-the-financial-industry,post,guide,,
https://comparepropfirms.com/what-is-a-prop-firm-the-complete-beginners-guide-2026,/what-is-a-prop-firm-the-complete-beginners-guide-2026,post,guide,,
https://comparepropfirms.com/top-10-proprietary-trading-firms-which-one-is-right-for-you,/top-10-proprietary-trading-firms-which-one-is-right-for-you,post,guide,,
https://comparepropfirms.com/how-much-can-you-actually-make-with-a-prop-firm-realistic-earnings-guide-2026,/how-much-can-you-actually-make-with-a-prop-firm-realistic-earnings-guide-2026,post,guide,,
https://comparepropfirms.com/best-prop-firms-for-forex-trading-2026-funded-forex-accounts-compared,/best-prop-firms-for-forex-trading-2026-funded-forex-accounts-compared,post,guide,,
https://comparepropfirms.com/prop-firm-payout-guide-2026-how-when-how-much-you-actually-get-paid,/prop-firm-payout-guide-2026-how-when-how-much-you-actually-get-paid,post,guide,,
https://comparepropfirms.com/how-to-pass-a-prop-firm-evaluation-10-proven-strategies-2026,/how-to-pass-a-prop-firm-evaluation-10-proven-strategies-2026,post,guide,,
https://comparepropfirms.com/tradeify-vs-apex-trader-funding-vs-topstep-head-to-head-comparison-2026,/tradeify-vs-apex-trader-funding-vs-topstep-head-to-head-comparison-2026,post,comparison,,
https://comparepropfirms.com/prop-firm-drawdown-rules-explained-eod-vs-intraday-vs-static-2026-guide,/prop-firm-drawdown-rules-explained-eod-vs-intraday-vs-static-2026-guide,post,comparison,,
https://comparepropfirms.com/best-instant-funding-prop-firms-2026-skip-the-evaluation,/best-instant-funding-prop-firms-2026-skip-the-evaluation,post,guide,,
https://comparepropfirms.com/best-prop-firms-for-beginners-2026-easiest-to-get-funded,/best-prop-firms-for-beginners-2026-easiest-to-get-funded,post,guide,,
https://comparepropfirms.com/aquafutures-review-2026-190k-traders-24-hour-payout-guarantee-100-profit-split,/aquafutures-review-2026-190k-traders-24-hour-payout-guarantee-100-profit-split,post,review-article,,
https://comparepropfirms.com/blue-guardian-futures-review-2026-48-hour-payout-guarantee-100-first-15k-4-challenge-types,/blue-guardian-futures-review-2026-48-hour-payout-guarantee-100-first-15k-4-challenge-types,post,review-article,,
https://comparepropfirms.com/goat-funded-futures-review-2026-17m-paid-no-daily-drawdown-instant-funding-up-to-750k,/goat-funded-futures-review-2026-17m-paid-no-daily-drawdown-instant-funding-up-to-750k,post,review-article,,
https://comparepropfirms.com/the-legends-trading-review-2026-3-plan-types-instant-funding-90-10-splits-explained,/the-legends-trading-review-2026-3-plan-types-instant-funding-90-10-splits-explained,post,review-article,,
https://comparepropfirms.com/the-prop-pit-review-2026-free-evals-custom-platform-ai-that-actually-trades,/the-prop-pit-review-2026-free-evals-custom-platform-ai-that-actually-trades,post,review-article,,
https://comparepropfirms.com/best-prop-firms-with-no-evaluation-fee-2026-free-low-cost-options,/best-prop-firms-with-no-evaluation-fee-2026-free-low-cost-options,post,guide,,
